{"roomDimension":{"Width":24.0,"Height":10.0,"Depth":30.0},"collections":[{"objects":[{"objectName":"dcb21c5e-b09c-4d4a-a9c0-1b57de900764","instance_guid":"dcb21c5e-b09c-4d4a-a9c0-1b57de900764","global_guid":"54EA5A4F-1679-4E1E-9906-EADDD82609B7","pos":{"x":0.8255,"y":3.048,"z":2.1463,"normalized":{"x":0.216203526,"y":0.798289955,"z":0.56212914,"magnitude":1.0,"sqrMagnitude":1.0},"magnitude":3.81816173,"sqrMagnitude":14.5783587},"rot":{"x":0.7071068,"y":0.0,"z":0.0,"w":0.7071068,"eulerAngles":{"x":90.0,"y":0.0,"z":0.0,"normalized":{"x":1.0,"y":0.0,"z":0.0,"magnitude":1.0,"sqrMagnitude":1.0},"magnitude":90.0,"sqrMagnitude":8100.0}},"parent":null,"scaleLevel":{"Size":0.0,"Selected":false,"ModelDefault":false,"ScaleZ":0.0}},{"objectName":"AttachPoint","instance_guid":"87d72c11-eb19-4650-9fce-1eade6e43940","global_guid":"C9614497-545A-414A-8452-3B7CF50EE43E","pos":{"x":0.8255,"y":3.048,"z":2.1463,"normalized":{"x":0.216203526,"y":0.798289955,"z":0.56212914,"magnitude":1.0,"sqrMagnitude":1.0},"magnitude":3.81816173,"sqrMagnitude":14.5783587},"rot":{"x":0.7071068,"y":0.0,"z":0.0,"w":0.7071068,"eulerAngles":{"x":90.0,"y":0.0,"z":0.0,"normalized":{"x":1.0,"y":0.0,"z":0.0,"magnitude":1.0,"sqrMagnitude":1.0},"magnitude":90.0,"sqrMagnitude":8100.0}},"parent":"/dcb21c5e-b09c-4d4a-a9c0-1b57de900764/AttachPoint","scaleLevel":null},{"objectName":"068d303a-d0ac-4bae-862f-e4b423ee2015","instance_guid":"068d303a-d0ac-4bae-862f-e4b423ee2015","global_guid":"92B75922-A802-4CFD-9D8F-5BD3F17E8527","pos":{"x":0.8255,"y":3.048,"z":2.1463,"normalized":{"x":0.216203526,"y":0.798289955,"z":0.56212914,"magnitude":1.0,"sqrMagnitude":1.0},"magnitude":3.81816173,"sqrMagnitude":14.5783587},"rot":{"x":0.7071068,"y":0.0,"z":0.0,"w":0.7071068,"eulerAngles":{"x":90.0,"y":0.0,"z":0.0,"normalized":{"x":1.0,"y":0.0,"z":0.0,"magnitude":1.0,"sqrMagnitude":1.0},"magnitude":90.0,"sqrMagnitude":8100.0}},"parent":"87d72c11-eb19-4650-9fce-1eade6e43940","scaleLevel":{"Size":0.0,"Selected":false,"ModelDefault":false,"ScaleZ":0.0}},{"objectName":"BoomDropTube.001","instance_guid":"c3e1457c-2db9-416f-a745-27bd389cea43","global_guid":null,"pos":{"x":0.8255,"y":3.023378,"z":2.1463,"normalized":{"x":0.217320621,"y":0.7959326,"z":0.5650336,"normalized":{"x":0.217320636,"y":0.795932651,"z":0.5650337,"magnitude":1.0,"sqrMagnitude":1.00000012},"magnitude":0.99999994,"sqrMagnitude":0.99999994},"magnitude":3.798535,"sqrMagnitude":14.4288683},"rot":{"x":0.7071068,"y":0.0,"z":0.0,"w":0.7071068,"eulerAngles":{"x":90.0,"y":0.0,"z":0.0,"normalized":{"x":1.0,"y":0.0,"z":0.0,"magnitude":1.0,"sqrMagnitude":1.0},"magnitude":90.0,"sqrMagnitude":8100.0}},"parent":"/dcb21c5e-b09c-4d4a-a9c0-1b57de900764/AttachPoint/068d303a-d0ac-4bae-862f-e4b423ee2015/BoomDropTube/BoomDropTube.001","scaleLevel":{"Size":0.3,"Selected":true,"ModelDefault":false,"ScaleZ":0.428571463}},{"objectName":"AttachPoint","instance_guid":"4eccf98c-6a47-4dac-b492-b630d70a8f9f","global_guid":"C9614497-545A-414A-8452-3B7CF50EE43E","pos":{"x":0.8255,"y":2.73392057,"z":2.1463,"normalized":{"x":0.231074125,"y":0.7652796,"z":0.6007927,"magnitude":1.0,"sqrMagnitude":1.0},"magnitude":3.57244682,"sqrMagnitude":12.7623758},"rot":{"x":0.7071068,"y":0.0,"z":0.0,"w":0.7071068,"eulerAngles":{"x":90.0,"y":0.0,"z":0.0,"normalized":{"x":1.0,"y":0.0,"z":0.0,"magnitude":1.0,"sqrMagnitude":1.0},"magnitude":90.0,"sqrMagnitude":8100.0}},"parent":"/dcb21c5e-b09c-4d4a-a9c0-1b57de900764/AttachPoint/068d303a-d0ac-4bae-862f-e4b423ee2015/BoomDropTube/BoomDropTube.001/AttachPoint","scaleLevel":null},{"objectName":"ed827218-3b4f-41d6-adbd-1a6542e87a7d","instance_guid":"ed827218-3b4f-41d6-adbd-1a6542e87a7d","global_guid":"89B34AE1-8252-46D4-8405-F5CD532F0CFE","pos":{"x":0.8255,"y":2.73392057,"z":2.1463,"normalized":{"x":0.231074125,"y":0.7652796,"z":0.6007927,"magnitude":1.0,"sqrMagnitude":1.0},"magnitude":3.57244682,"sqrMagnitude":12.7623758},"rot":{"x":0.7071068,"y":0.0,"z":0.0,"w":0.7071068,"eulerAngles":{"x":90.0,"y":0.0,"z":0.0,"normalized":{"x":1.0,"y":0.0,"z":0.0,"magnitude":1.0,"sqrMagnitude":1.0},"magnitude":90.0,"sqrMagnitude":8100.0}},"parent":"4eccf98c-6a47-4dac-b492-b630d70a8f9f","scaleLevel":{"Size":0.0,"Selected":false,"ModelDefault":false,"ScaleZ":0.0}},{"objectName":"BoomSegment_1-2","instance_guid":"1981f2b9-742e-4da0-b2ef-c04391222c77","global_guid":null,"pos":{"x":0.9256987,"y":2.60092545,"z":2.1455245,"normalized":{"x":0.264755547,"y":0.7438808,"z":0.6136333,"magnitude":1.0,"sqrMagnitude":0.99999994},"magnitude":3.49642777,"sqrMagnitude":12.2250071},"rot":{"x":0.7068815,"y":2.98023224E-08,"z":0.707332134,"w":1.1920929E-07,"eulerAngles":{"x":7.24066149E-06,"y":89.9634857,"z":180.0,"normalized":{"x":3.59820547E-08,"y":0.447068423,"z":0.8944997,"normalized":{"x":3.59820582E-08,"y":0.447068453,"z":0.8944998,"magnitude":1.0,"sqrMagnitude":1.0},"magnitude":0.99999994,"sqrMagnitude":0.99999994},"magnitude":201.2298,"sqrMagnitude":40493.43},"normalized":{"x":0.706881464,"y":2.98023188E-08,"z":0.7073321,"w":1.19209275E-07,"eulerAngles":{"x":7.24066149E-06,"y":89.9634857,"z":180.0,"normalized":{"x":3.59820547E-08,"y":0.447068423,"z":0.8944997,"normalized":{"x":3.59820582E-08,"y":0.447068453,"z":0.8944998,"magnitude":1.0,"sqrMagnitude":1.0},"magnitude":0.99999994,"sqrMagnitude":0.99999994},"magnitude":201.2298,"sqrMagnitude":40493.43}}},"parent":"/dcb21c5e-b09c-4d4a-a9c0-1b57de900764/AttachPoint/068d303a-d0ac-4bae-862f-e4b423ee2015/BoomDropTube/BoomDropTube.001/AttachPoint/ed827218-3b4f-41d6-adbd-1a6542e87a7d/BoomSegment_1/BoomSegment_1-2","scaleLevel":{"Size":0.6,"Selected":true,"ModelDefault":false,"ScaleZ":0.6}},{"objectName":"AttachPoint","instance_guid":"d025beac-8913-4bab-879e-25f4a362be0a","global_guid":"C9614497-545A-414A-8452-3B7CF50EE43E","pos":{"x":1.50713277,"y":2.54462624,"z":2.14609957,"normalized":{"x":0.4124518,"y":0.696379066,"z":0.5873156,"normalized":{"x":0.412451833,"y":0.6963791,"z":0.5873157,"magnitude":1.0,"sqrMagnitude":1.00000012},"magnitude":0.99999994,"sqrMagnitude":0.99999994},"magnitude":3.654082,"sqrMagnitude":13.3523149},"rot":{"x":-0.707106769,"y":6.322028E-08,"z":2.10734257E-08,"w":-0.7071069,"eulerAngles":{"x":90.0,"y":-1.02452832E-05,"z":0.0,"normalized":{"x":1.0,"y":-1.13836478E-07,"z":0.0,"magnitude":1.0,"sqrMagnitude":1.0},"magnitude":90.0,"sqrMagnitude":8100.0}},"parent":"/dcb21c5e-b09c-4d4a-a9c0-1b57de900764/AttachPoint/068d303a-d0ac-4bae-862f-e4b423ee2015/BoomDropTube/BoomDropTube.001/AttachPoint/ed827218-3b4f-41d6-adbd-1a6542e87a7d/BoomSegment_1/BoomSegment_1-2/BoomSegment_1-3/AttachPoint","scaleLevel":null}]},{"objects":[{"objectName":"77946013-7283-400b-98e6-349aa2ea734c","instance_guid":"77946013-7283-400b-98e6-349aa2ea734c","global_guid":"4FE733DD-825D-4B77-A830-9A94E08AECEB","pos":{"x":0.0,"y":0.0,"z":0.0,"magnitude":0.0,"sqrMagnitude":0.0},"rot":{"x":-0.5,"y":-0.5,"z":-0.5,"w":0.5,"eulerAngles":{"x":270.0,"y":270.0,"z":0.0,"normalized":{"x":0.707106769,"y":0.707106769,"z":0.0,"magnitude":1.0,"sqrMagnitude":0.99999994},"magnitude":381.837677,"sqrMagnitude":145800.0}},"parent":null,"scaleLevel":{"Size":0.0,"Selected":false,"ModelDefault":false,"ScaleZ":0.0}}]},{"objects":[{"objectName":"6e74d6e2-3034-49ce-892b-79a3f02a98c6","instance_guid":"6e74d6e2-3034-49ce-892b-79a3f02a98c6","global_guid":"4D70C3EA-FE43-4E56-AB17-0D4452784DBD","pos":{"x":0.0,"y":3.048,"z":2.0,"normalized":{"x":0.0,"y":0.836079359,"z":0.5486085,"magnitude":1.0,"sqrMagnitude":0.99999994},"magnitude":3.645587,"sqrMagnitude":13.2903042},"rot":{"x":0.7071068,"y":0.0,"z":0.0,"w":0.7071068,"eulerAngles":{"x":90.0,"y":0.0,"z":0.0,"normalized":{"x":1.0,"y":0.0,"z":0.0,"magnitude":1.0,"sqrMagnitude":1.0},"magnitude":90.0,"sqrMagnitude":8100.0}},"parent":null,"scaleLevel":{"Size":0.0,"Selected":false,"ModelDefault":false,"ScaleZ":0.0}}]},{"objects":[{"objectName":"e714c59b-ffc2-4e9e-b488-46b2a802ef89","instance_guid":"e714c59b-ffc2-4e9e-b488-46b2a802ef89","global_guid":"4D70C3EA-FE43-4E56-AB17-0D4452784DBD","pos":{"x":-2.0,"y":3.048,"z":0.0,