{"objects":[{"objectName":"6a60b61e-cf42-487a-9ba1-d4558a4a174c","instance_guid":"6a60b61e-cf42-487a-9ba1-d4558a4a174c","global_guid":"54EA5A4F-1679-4E1E-9906-EADDD82609B7","pos":{"x":-0.6604,"y":3.048,"z":-0.3683,"normalized":{"x":-0.210292041,"y":0.97057873,"z":-0.117278256,"magnitude":1.0,"sqrMagnitude":1.0},"magnitude":3.14039445,"sqrMagnitude":9.862078},"rot":{"x":0.7071068,"y":0.0,"z":0.0,"w":0.7071068,"eulerAngles":{"x":90.0,"y":0.0,"z":0.0,"normalized":{"x":1.0,"y":0.0,"z":0.0,"magnitude":1.0,"sqrMagnitude":1.0},"magnitude":90.0,"sqrMagnitude":8100.0}},"parent":null,"scaleLevel":{"Size":0.0,"Selected":false,"ModelDefault":false,"ScaleZ":0.0}},{"objectName":"AttachPoint","instance_guid":"22b16c38-2153-4687-b5e3-f1d88c022c84","global_guid":"C9614497-545A-414A-8452-3B7CF50EE43E","pos":{"x":-0.6604,"y":3.048,"z":-0.3683,"normalized":{"x":-0.210292041,"y":0.97057873,"z":-0.117278256,"magnitude":1.0,"sqrMagnitude":1.0},"magnitude":3.14039445,"sqrMagnitude":9.862078},"rot":{"x":0.7071068,"y":0.0,"z":0.0,"w":0.7071068,"eulerAngles":{"x":90.0,"y":0.0,"z":0.0,"normalized":{"x":1.0,"y":0.0,"z":0.0,"magnitude":1.0,"sqrMagnitude":1.0},"magnitude":90.0,"sqrMagnitude":8100.0}},"parent":"/6a60b61e-cf42-487a-9ba1-d4558a4a174c/AttachPoint","scaleLevel":null},{"objectName":"09bda730-3403-4bb9-97ac-4656735952dd","instance_guid":"09bda730-3403-4bb9-97ac-4656735952dd","global_guid":"7DDAA2E6-742E-48EC-9F5F-8FC4E32AE16A","pos":{"x":-0.6604,"y":3.048,"z":-0.3683,"normalized":{"x":-0.210292041,"y":0.97057873,"z":-0.117278256,"magnitude":1.0,"sqrMagnitude":1.0},"magnitude":3.14039445,"sqrMagnitude":9.862078},"rot":{"x":0.7071068,"y":0.0,"z":0.0,"w":0.7071068,"eulerAngles":{"x":90.0,"y":0.0,"z":0.0,"normalized":{"x":1.0,"y":0.0,"z":0.0,"magnitude":1.0,"sqrMagnitude":1.0},"magnitude":90.0,"sqrMagnitude":8100.0}},"parent":"22b16c38-2153-4687-b5e3-f1d88c022c84","scaleLevel":{"Size":0.0,"Selected":false,"ModelDefault":false,"ScaleZ":0.0}},{"objectName":"ArmDropTube.001","instance_guid":"ca2f4be0-4dcd-42e4-8dbd-0171f6548640","global_guid":null,"pos":{"x":-0.660400033,"y":3.023377,"z":-0.368300229,"normalized":{"x":-0.211904287,"y":0.9701189,"z":-0.118177459,"magnitude":1.0,"sqrMagnitude":1.0},"magnitude":3.11650157,"sqrMagnitude":9.712582},"rot":{"x":0.707106948,"y":0.0,"z":0.0,"w":0.7071067,"eulerAngles":{"x":90.0,"y":0.0,"z":0.0,"normalized":{"x":1.0,"y":0.0,"z":0.0,"magnitude":1.0,"sqrMagnitude":1.0},"magnitude":90.0,"sqrMagnitude":8100.0}},"parent":"/6a60b61e-cf42-487a-9ba1-d4558a4a174c/AttachPoint/09bda730-3403-4bb9-97ac-4656735952dd/ArmDropTube/ArmDropTube.001","scaleLevel":{"Size":0.15,"Selected":true,"ModelDefault":false,"ScaleZ":0.25}},{"objectName":"AttachPoint","instance_guid":"c33ca70d-775d-45ed-867a-9cff32b1b455","global_guid":"C9614497-545A-414A-8452-3B7CF50EE43E","pos":{"x":-0.6604,"y":2.8795898,"z":-0.368300319,"normalized":{"x":-0.221818015,"y":0.9672091,"z":-0.123706311,"normalized":{"x":-0.22181803,"y":0.96720916,"z":-0.123706318,"magnitude":1.0,"sqrMagnitude":1.0},"magnitude":0.99999994,"sqrMagnitude":0.99999994},"magnitude":2.97721529,"sqrMagnitude":8.863811},"rot":{"x":0.707106948,"y":0.0,"z":0.0,"w":0.7071067,"eulerAngles":{"x":90.0,"y":0.0,"z":0.0,"normalized":{"x":1.0,"y":0.0,"z":0.0,"magnitude":1.0,"sqrMagnitude":1.0},"magnitude":90.0,"sqrMagnitude":8100.0}},"parent":"/6a60b61e-cf42-487a-9ba1-d4558a4a174c/AttachPoint/09bda730-3403-4bb9-97ac-4656735952dd/ArmDropTube/ArmDropTube.001/AttachmentPoint/AttachPoint","scaleLevel":null},{"objectName":"91ace13a-93ac-479d-b174-771d226a001e","instance_guid":"91ace13a-93ac-479d-b174-771d226a001e","global_guid":"2AF955E3-1E04-4240-BAB4-92F534FDF0B3","pos":{"x":-0.6604,"y":2.8795898,"z":-0.368300319,"normalized":{"x":-0.221818015,"y":0.9672091,"z":-0.123706311,"normalized":{"x":-0.22181803,"y":0.96720916,"z":-0.123706318,"magnitude":1.0,"sqrMagnitude":1.0},"magnitude":0.99999994,"sqrMagnitude":0.99999994},"magnitude":2.97721529,"sqrMagnitude":8.863811},"rot":{"x":0.707106948,"y":0.0,"z":0.0,"w":0.7071067,"eulerAngles":{"x":90.0,"y":0.0,"z":0.0,"normalized":{"x":1.0,"y":0.0,"z":0.0,"magnitude":1.0,"sqrMagnitude":1.0},"magnitude":90.0,"sqrMagnitude":8100.0}},"parent":"c33ca70d-775d-45ed-867a-9cff32b1b455","scaleLevel":{"Size":0.0,"Selected":false,"ModelDefault":false,"ScaleZ":0.0}},{"objectName":"ArmSegment_1.001","instance_guid":"4c9b8811-a268-4bba-9d8d-c024167db176","global_guid":null,"pos":{"x":-0.61439997,"y":2.82958984,"z":-0.368453324,"normalized":{"x":-0.210492134,"y":0.9694115,"z":-0.126231328,"normalized":{"x":-0.210492149,"y":0.969411552,"z":-0.126231343,"magnitude":1.0,"sqrMagnitude":1.0},"magnitude":0.99999994,"sqrMagnitude":0.99999994},"magnitude":2.91887379,"sqrMagnitude":8.519824},"rot":{"x":0.5,"y":-0.49999994,"z":0.49999994,"w":-0.500000358,"eulerAngles":{"x":-2.7320757E-05,"y":89.9999847,"z":270.0,"normalized":{"x":-9.599536E-08,"y":0.316227734,"z":0.9486833,"magnitude":1.0,"sqrMagnitude":1.0},"magnitude":284.60498,"sqrMagnitude":81000.0},"normalized":{"x":0.49999994,"y":-0.499999881,"z":0.499999881,"w":-0.5000003,"eulerAngles":{"x":-2.7320757E-05,"y":89.9999847,"z":270.0,"normalized":{"x":-9.599536E-08,"y":0.316227734,"z":0.9486833,"magnitude":1.0,"sqrMagnitude":1.0},"magnitude":284.60498,"sqrMagnitude":81000.0}}},"parent":"/6a60b61e-cf42-487a-9ba1-d4558a4a174c/AttachPoint/09bda730-3403-4bb9-97ac-4656735952dd/ArmDropTube/ArmDropTube.001/AttachmentPoint/AttachPoint/91ace13a-93ac-479d-b174-771d226a001e/ArmSegment_1/ArmSegment_1.001","scaleLevel":{"Size":0.8,"Selected":true,"ModelDefault":true,"ScaleZ":1.0}},{"objectName":"AttachPoint","instance_guid":"55d8ffeb-a14a-42ed-bee0-477d1c37aa79","global_guid":"C9614497-545A-414A-8452-3B7CF50EE43E","pos":{"x":0.139096081,"y":2.77971864,"z":-0.368331254,"normalized":{"x":0.04954511,"y":0.9901175,"z":-0.131197169,"magnitude":1.0,"sqrMagnitude":1.00000012},"magnitude":2.80746341,"sqrMagnitude":7.881851},"rot":{"x":-0.7071069,"y":-1.60917381E-07,"z":-4.291384E-07,"w":-0.707106769,"eulerAngles":{"x":90.0,"y":2.607778E-05,"z":0.0,"normalized":{"x":1.0,"y":2.897531E-07,"z":0.0,"magnitude":1.0,"sqrMagnitude":1.0},"magnitude":90.0,"sqrMagnitude":8100.0}},"parent":"/6a60b61e-cf42-487a-9ba1-d4558a4a174c/AttachPoint/09bda730-3403-4bb9-97ac-4656735952dd/ArmDropTube/ArmDropTube.001/AttachmentPoint/AttachPoint/91ace13a-93ac-479d-b174-771d226a001e/ArmSegment_1/ArmSegment_1.001/ArmSegment_1.002/AttachPoint","scaleLevel":null},{"objectName":"AttachPoint","instance_guid":"448ee192-34e9-4b80-8d42-a429e0ad70f9","global_guid":"C9614497-545A-414A-8452-3B7CF50EE43E","pos":{"x":-0.6604,"y":2.77988982,"z":-0.368300378,"normalized":{"x":-0.229234233,"y":0.964939356,"z":-0.1278423,"magnitude":1.0,"sqrMagnitude":0.99999994},"magnitude":2.88089585,"sqrMagnitude":8.299561},"rot":{"x":0.0,"y":-0.707106948,"z":0.7071067,"w":0.0,"eulerAngles":{"x":90.0,"y":180.0,"z":0.0,"normalized":{"x":0.4472136,"y":0.8944272,"z":0.0,"magnitude":1.0,"sqrMagnitude":1.0},"magnitude":201.246124,"sqrMagnitude":40500.0}},"parent":"/6a60b61e-cf42-487a-9ba1-d4558a4a174c/AttachPoint/09bda730-3403-4bb9-97ac-4656735952dd/ArmDropTube/ArmDropTube.001/AttachmentPoint/AttachPoint/91ace13a-93ac-479d-b174-771d226a001e/AttachPoint","scaleLevel":null}]}