{"objects":[{"objectName":"3cdabeca-ccca-4ff5-bfb6-a72a069a7b07","instance_guid":"3cdabeca-ccca-4ff5-bfb6-a72a069a7b07","global_guid":"54EA5A4F-1679-4E1E-9906-EADDD82609B7","pos":{"x":0.939799964,"y":3.048,"z":2.032,"normalized":{"x":0.248501286,"y":0.805950165,"z":0.5373001,"magnitude":1.0,"sqrMagnitude":0.99999994},"magnitude":3.78187156,"sqrMagnitude":14.3025532},"rot":{"x":0.7071068,"y":0.0,"z":0.0,"w":0.7071068,"eulerAngles":{"x":90.0,"y":0.0,"z":0.0,"normalized":{"x":1.0,"y":0.0,"z":0.0,"magnitude":1.0,"sqrMagnitude":1.0},"magnitude":90.0,"sqrMagnitude":8100.0}},"parent":null,"scaleLevel":{"Size":0.0,"Selected":false,"ModelDefault":false,"ScaleZ":0.0}},{"objectName":"AttachPoint","instance_guid":"be118cf7-26f5-438d-88a5-910d6ca90e2f","global_guid":"C9614497-545A-414A-8452-3B7CF50EE43E","pos":{"x":0.939799964,"y":3.048,"z":2.032,"normalized":{"x":0.248501286,"y":0.805950165,"z":0.5373001,"magnitude":1.0,"sqrMagnitude":0.99999994},"magnitude":3.78187156,"sqrMagnitude":14.3025532},"rot":{"x":0.7071068,"y":0.0,"z":0.0,"w":0.7071068,"eulerAngles":{"x":90.0,"y":0.0,"z":0.0,"normalized":{"x":1.0,"y":0.0,"z":0.0,"magnitude":1.0,"sqrMagnitude":1.0},"magnitude":90.0,"sqrMagnitude":8100.0}},"parent":"/3cdabeca-ccca-4ff5-bfb6-a72a069a7b07/AttachPoint","scaleLevel":null}]}